filer_name,filer_cik,accession_number,filing_date,period_of_report,security_name,security_name_as_filed,title_of_class,cusip,cusip_raw,position_value_usd,shares,direction
AMI ASSET MANAGEMENT CORP,0001369702,0001369702-26-000010,21-JUL-2026,30-JUN-2026,Apple Inc.,APPLE INC,COM,037833100,037833100,126731226,437971,filer->security
AMI ASSET MANAGEMENT CORP,0001369702,0001369702-26-000010,21-JUL-2026,30-JUN-2026,Alphabet Inc.,ALPHABET INC CLASS A,COM,02079K305,02079k305,110318557,308696,filer->security
AMI ASSET MANAGEMENT CORP,0001369702,0001369702-26-000010,21-JUL-2026,30-JUN-2026,Taiwan Semiconductor Manufac,TAIWAN SEMICONDUCTOR M F SPONS,COM,874039100,874039100,93298175,195360,filer->security
AMI ASSET MANAGEMENT CORP,0001369702,0001369702-26-000010,21-JUL-2026,30-JUN-2026,Broadcom Inc.,BROADCOM INC,COM,11135F101,11135f101,92006962,243566,filer->security
AMI ASSET MANAGEMENT CORP,0001369702,0001369702-26-000010,21-JUL-2026,30-JUN-2026,Amazon.com Inc.,AMAZON.COM INC,COM,023135106,023135106,78943232,331221,filer->security
AMI ASSET MANAGEMENT CORP,0001369702,0001369702-26-000010,21-JUL-2026,30-JUN-2026,Quanta Svcs Inc.,QUANTA SVCS INC,COM,74762E102,74762e102,72959097,101326,filer->security
AMI ASSET MANAGEMENT CORP,0001369702,0001369702-26-000010,21-JUL-2026,30-JUN-2026,Eli Lilly & Co,ELI LILLY & CO,COM,532457108,532457108,70438026,58726,filer->security
AMI ASSET MANAGEMENT CORP,0001369702,0001369702-26-000010,21-JUL-2026,30-JUN-2026,Palo Alto Networks Inc.,PALO ALTO NETWORKS INC,COM,697435105,697435105,67676561,198453,filer->security
"Alesco Advisors, LLC, An ESL Co",0001269978,0001140361-26-031358,05-AUG-2026,30-JUN-2026,iShares Trust,ISHARES TR,CORE S&P500 ETF,464287200,464287200,961410635,1283781,filer->security
"Alesco Advisors, LLC, An ESL Co",0001269978,0001140361-26-031358,05-AUG-2026,30-JUN-2026,iShares Trust,ISHARES TR,CORE S&P MCP ETF,464287507,464287507,414776734,5379027,filer->security
"Alesco Advisors, LLC, An ESL Co",0001269978,0001140361-26-031358,05-AUG-2026,30-JUN-2026,iShares Trust,ISHARES TR,CORE S&P SCP ETF,464287804,464287804,327613274,2208976,filer->security
"Alesco Advisors, LLC, An ESL Co",0001269978,0001140361-26-031358,05-AUG-2026,30-JUN-2026,iShares Trust,ISHARES TR,CORE MSCI INTL,46435G326,46435G326,274408182,3082892,filer->security
"Alesco Advisors, LLC, An ESL Co",0001269978,0001140361-26-031358,05-AUG-2026,30-JUN-2026,Vanguard Bd Index Funds,VANGUARD BD INDEX FDS,TOTAL BND MRKT,921937835,921937835,229507343,3126377,filer->security
"Alesco Advisors, LLC, An ESL Co",0001269978,0001140361-26-031358,05-AUG-2026,30-JUN-2026,iShares Inc.,ISHARES INC,CORE MSCI EMKT,46434G103,46434G103,190015246,2293762,filer->security
"Alesco Advisors, LLC, An ESL Co",0001269978,0001140361-26-031358,05-AUG-2026,30-JUN-2026,Schwab Strategic Trust,SCHWAB STRATEGIC TR,US TIPS ETF,808524870,808524870,171421067,6468720,filer->security
"Alesco Advisors, LLC, An ESL Co",0001269978,0001140361-26-031358,05-AUG-2026,30-JUN-2026,State Str SPDR S&P 500 ETF T,STATE STR SPDR S&P 500 ETF T,TR UNIT,78462F103,78462F103,157468331,210866,filer->security
Cardinal Capital Management,0001434845,0001434845-26-000004,21-JUL-2026,30-JUN-2026,Eli Lilly & Co,ELI LILLY & CO,COM,532457108,532457108,31791337,26505,filer->security
Cardinal Capital Management,0001434845,0001434845-26-000004,21-JUL-2026,30-JUN-2026,Johnson & Johnson,JOHNSON & JOHNSON,COM,478160104,478160104,29159002,114813,filer->security
Cardinal Capital Management,0001434845,0001434845-26-000004,21-JUL-2026,30-JUN-2026,Apple Inc.,APPLE INC,COM,037833100,037833100,25010517,86434,filer->security
Cardinal Capital Management,0001434845,0001434845-26-000004,21-JUL-2026,30-JUN-2026,Alphabet Inc.,ALPHABET INC,CAP STK CL A,02079K305,02079K305,22711221,63551,filer->security
Cardinal Capital Management,0001434845,0001434845-26-000004,21-JUL-2026,30-JUN-2026,Bank Of Ny Mellon Corp,BANK OF NY MELLON CORP,COM,064058100,064058100,19580194,135400,filer->security
Cardinal Capital Management,0001434845,0001434845-26-000004,21-JUL-2026,30-JUN-2026,Costco Wholesale Corporation,COSTCO WHOLESALE CORPORATION,COM,22160K105,22160K105,19285650,20616,filer->security
Cardinal Capital Management,0001434845,0001434845-26-000004,21-JUL-2026,30-JUN-2026,Jpmorgan Chase & Co,JPMORGAN CHASE & CO,COM,46625H100,46625H100,19123601,58423,filer->security
Cardinal Capital Management,0001434845,0001434845-26-000004,21-JUL-2026,30-JUN-2026,Microsoft Corp,MICROSOFT CORP,COM,594918104,594918104,18698368,50127,filer->security
"Gilbert & Cook, Inc.",0001675762,0001675762-26-000004,28-JUL-2026,30-JUN-2026,iShares Trust,ISHARES TR,CORE S&P500 ETF,464287200,464287200,206769828,276102,filer->security
"Gilbert & Cook, Inc.",0001675762,0001675762-26-000004,28-JUL-2026,30-JUN-2026,iShares Trust,ISHARES TR,RUS TOP 200 ETF,464289446,464289446,94030292,508409,filer->security
"Gilbert & Cook, Inc.",0001675762,0001675762-26-000004,28-JUL-2026,30-JUN-2026,Vanguard Tax-Managed Funds,VANGUARD TAX-MANAGED FDS,VAN FTSE DEV MKT,921943858,921943858,88281503,1239039,filer->security
"Gilbert & Cook, Inc.",0001675762,0001675762-26-000004,28-JUL-2026,30-JUN-2026,John Hancock Exchange Traded,JOHN HANCOCK EXCHANGE TRADED,MULTIFACTOR MI,47804J206,47804J206,75543904,1007790,filer->security
"Gilbert & Cook, Inc.",0001675762,0001675762-26-000004,28-JUL-2026,30-JUN-2026,Vanguard Bd Index Funds,VANGUARD BD INDEX FDS,TOTAL BND MRKT,921937835,921937835,62703686,854157,filer->security
"Gilbert & Cook, Inc.",0001675762,0001675762-26-000004,28-JUL-2026,30-JUN-2026,iShares Trust,ISHARES TR,RUS MID CAP ETF,464287499,464287499,37567908,340536,filer->security
"Gilbert & Cook, Inc.",0001675762,0001675762-26-000004,28-JUL-2026,30-JUN-2026,John Hancock Exchange Traded,JOHN HANCOCK EXCHANGE TRADED,MULTIFACTR SML,47804J842,47804J842,35111748,723059,filer->security
"Gilbert & Cook, Inc.",0001675762,0001675762-26-000004,28-JUL-2026,30-JUN-2026,Nvidia Corporation,NVIDIA CORPORATION,COM,67066G104,67066G104,13140898,65675,filer->security
Hendershot Investments Inc.,0001541496,0001541496-26-000007,12-AUG-2026,30-JUN-2026,Berkshire Hathaway Inc. Del,BERKSHIRE HATHAWAY INC DEL,CL B NEW,084670702,084670702,105618818,211073,filer->security
Hendershot Investments Inc.,0001541496,0001541496-26-000007,12-AUG-2026,30-JUN-2026,Apple Inc.,APPLE INC,COM,037833100,037833100,50575006,174782,filer->security
Hendershot Investments Inc.,0001541496,0001541496-26-000007,12-AUG-2026,30-JUN-2026,Johnson & Johnson,JOHNSON & JOHNSON,COM,478160104,478160104,39326985,154849,filer->security
Hendershot Investments Inc.,0001541496,0001541496-26-000007,12-AUG-2026,30-JUN-2026,Tjx Cos Inc. New,TJX COS INC NEW,COM,872540109,872540109,36197816,238929,filer->security
Hendershot Investments Inc.,0001541496,0001541496-26-000007,12-AUG-2026,30-JUN-2026,Alphabet Inc.,ALPHABET INC,CAP STK CL A,02079K305,02079K305,35981804,100685,filer->security
Hendershot Investments Inc.,0001541496,0001541496-26-000007,12-AUG-2026,30-JUN-2026,Booking Holdings Inc.,BOOKING HOLDINGS INC,COM,09857L108,09857L108,31878224,178850,filer->security
Hendershot Investments Inc.,0001541496,0001541496-26-000007,12-AUG-2026,30-JUN-2026,Microsoft Corp,MICROSOFT CORP,COM,594918104,594918104,26696512,71569,filer->security
Hendershot Investments Inc.,0001541496,0001541496-26-000007,12-AUG-2026,30-JUN-2026,Nvidia Corporation,NVIDIA CORPORATION,COM,67066G104,67066G104,26356055,131721,filer->security
"Marietta Wealth Management, LLC",0001697847,0001697847-26-000006,03-AUG-2026,30-JUN-2026,Alphabet Inc.,ALPHABET INC,CAP STK CL A,02079K305,02079K305,55994000,156683,filer->security
"Marietta Wealth Management, LLC",0001697847,0001697847-26-000006,03-AUG-2026,30-JUN-2026,Nvidia Corporation,NVIDIA CORPORATION,COM,67066G104,67066G104,37566076,187746,filer->security
"Marietta Wealth Management, LLC",0001697847,0001697847-26-000006,03-AUG-2026,30-JUN-2026,Apple Inc.,APPLE INC,COM,037833100,037833100,35557694,122884,filer->security
"Marietta Wealth Management, LLC",0001697847,0001697847-26-000006,03-AUG-2026,30-JUN-2026,Vanguard Index Funds,VANGUARD INDEX FDS,MID CAP ETF,922908629,922908629,26454277,328339,filer->security
"Marietta Wealth Management, LLC",0001697847,0001697847-26-000006,03-AUG-2026,30-JUN-2026,Broadcom Inc.,BROADCOM INC,COM,11135F101,11135F101,24084006,63756,filer->security
"Marietta Wealth Management, LLC",0001697847,0001697847-26-000006,03-AUG-2026,30-JUN-2026,American Centy ETF Trust,AMERICAN CENTY ETF TR,AVANTIS EMGMKT,025072604,025072604,23067189,239063,filer->security
"Marietta Wealth Management, LLC",0001697847,0001697847-26-000006,03-AUG-2026,30-JUN-2026,Asml Hldg Nv,ASML HLDG NV,N Y REGISTRY SHS,N07059210,N07059210,22327485,11223,filer->security
"Marietta Wealth Management, LLC",0001697847,0001697847-26-000006,03-AUG-2026,30-JUN-2026,Vanguard Index Funds,VANGUARD INDEX FDS,SMALL CP ETF,922908751,922908751,21933447,72359,filer->security
"Nippon Life Global Investors Americas, Inc.",0001040190,0001172661-26-003132,06-AUG-2026,30-JUN-2026,Nvidia Corporation,NVIDIA CORPORATION,COM,67066G104,67066G104,210718782,1053120,filer->security
"Nippon Life Global Investors Americas, Inc.",0001040190,0001172661-26-003132,06-AUG-2026,30-JUN-2026,Alphabet Inc.,ALPHABET INC,CAP STK CL C,02079K107,02079K107,163800254,463590,filer->security
"Nippon Life Global Investors Americas, Inc.",0001040190,0001172661-26-003132,06-AUG-2026,30-JUN-2026,Microsoft Corp,MICROSOFT CORP,COM,594918104,594918104,132440751,355050,filer->security
"Nippon Life Global Investors Americas, Inc.",0001040190,0001172661-26-003132,06-AUG-2026,30-JUN-2026,Amazon.com Inc.,AMAZON COM INC,COM,023135106,023135106,129230331,542210,filer->security
"Nippon Life Global Investors Americas, Inc.",0001040190,0001172661-26-003132,06-AUG-2026,30-JUN-2026,Apple Inc.,APPLE INC,COM,037833100,037833100,124928287,431740,filer->security
"Nippon Life Global Investors Americas, Inc.",0001040190,0001172661-26-003132,06-AUG-2026,30-JUN-2026,Broadcom Inc.,BROADCOM INC,COM,11135F101,11135F101,90414463,239350,filer->security
"Nippon Life Global Investors Americas, Inc.",0001040190,0001172661-26-003132,06-AUG-2026,30-JUN-2026,Eli Lilly & Co,ELI LILLY & CO,COM,532457108,532457108,77231297,64390,filer->security
"Nippon Life Global Investors Americas, Inc.",0001040190,0001172661-26-003132,06-AUG-2026,30-JUN-2026,Advanced Micro Devices Inc.,ADVANCED MICRO DEVICES INC,COM,007903107,007903107,71579731,123220,filer->security
PLANNING ALTERNATIVES LTD /ADV,0000712011,0001765380-26-000365,12-AUG-2026,30-JUN-2026,iShares Trust,ISHARES TR,CORE S&P500 ETF,464287200,464287200,311484699,415929,filer->security
PLANNING ALTERNATIVES LTD /ADV,0000712011,0001765380-26-000365,12-AUG-2026,30-JUN-2026,Invesco Exch Traded Fd Trust Ii,INVESCO EXCH TRADED FD TR II,S&P 500 MOMNTM,46138E339,46138E339,121373404,751352,filer->security
PLANNING ALTERNATIVES LTD /ADV,0000712011,0001765380-26-000365,12-AUG-2026,30-JUN-2026,iShares Trust,ISHARES TR,CORE S&P MCP ETF,464287507,464287507,100827521,1307580,filer->security
PLANNING ALTERNATIVES LTD /ADV,0000712011,0001765380-26-000365,12-AUG-2026,30-JUN-2026,Vanguard Tax-Managed Funds,VANGUARD TAX-MANAGED FDS,VAN FTSE DEV MKT,921943858,921943858,89119712,1250803,filer->security
PLANNING ALTERNATIVES LTD /ADV,0000712011,0001765380-26-000365,12-AUG-2026,30-JUN-2026,iShares Trust,ISHARES TR,CORE S&P SCP ETF,464287804,464287804,52526436,354167,filer->security
PLANNING ALTERNATIVES LTD /ADV,0000712011,0001765380-26-000365,12-AUG-2026,30-JUN-2026,Invesco Exch Traded Fd Trust Ii,INVESCO EXCH TRADED FD TR II,S&P INTL MOMNT,46138E222,46138E222,30369136,503718,filer->security
PLANNING ALTERNATIVES LTD /ADV,0000712011,0001765380-26-000365,12-AUG-2026,30-JUN-2026,Columbia ETF Trust Ii,COLUMBIA ETF TR II,EM CORE EX ETF,19762B202,19762B202,20710191,391645,filer->security
PLANNING ALTERNATIVES LTD /ADV,0000712011,0001765380-26-000365,12-AUG-2026,30-JUN-2026,Apple Inc.,APPLE INC,COM,037833100,037833100,19549248,67560,filer->security
"RB Capital Management, LLC",0001695582,0001695582-26-000003,18-AUG-2026,30-JUN-2026,Apple Inc.,APPLE INC,COM,037833100,037833100,76414159,264080,filer->security
"RB Capital Management, LLC",0001695582,0001695582-26-000003,18-AUG-2026,30-JUN-2026,Berkshire Hathaway Inc. Del,BERKSHIRE HATHAWAY INC DEL,CL B NEW,084670702,084670702,22671458,45308,filer->security
"RB Capital Management, LLC",0001695582,0001695582-26-000003,18-AUG-2026,30-JUN-2026,Nvidia Corporation,NVIDIA CORPORATION,COM,67066G104,67066G104,22174718,110824,filer->security
"RB Capital Management, LLC",0001695582,0001695582-26-000003,18-AUG-2026,30-JUN-2026,Alphabet Inc.,ALPHABET INC,CAP STK CL C,02079K107,02079K107,17827757,50456,filer->security
"RB Capital Management, LLC",0001695582,0001695582-26-000003,18-AUG-2026,30-JUN-2026,Costco Wholesale Corporation,COSTCO WHOLESALE CORPORATION,COM,22160K105,22160K105,15390888,16453,filer->security
"RB Capital Management, LLC",0001695582,0001695582-26-000003,18-AUG-2026,30-JUN-2026,State Str SPDR S&P 500 ETF T,STATE STR SPDR S&P 500 ETF T,TR UNIT,78462F103,78462F103,14222225,19045,filer->security
"RB Capital Management, LLC",0001695582,0001695582-26-000003,18-AUG-2026,30-JUN-2026,Amazon.com Inc.,AMAZON COM INC,COM,023135106,023135106,11192981,46962,filer->security
"RB Capital Management, LLC",0001695582,0001695582-26-000003,18-AUG-2026,30-JUN-2026,Alphabet Inc.,ALPHABET INC,CAP STK CL A,02079K305,02079K305,11173423,31266,filer->security
"Smith Group Asset Management, LLC",0001893134,0001893134-26-000003,03-AUG-2026,30-JUN-2026,Kla Corp,KLA CORP,COM NEW,482480100,482480100,137447309,455561,filer->security
"Smith Group Asset Management, LLC",0001893134,0001893134-26-000003,03-AUG-2026,30-JUN-2026,Comfort Sys Usa Inc.,COMFORT SYS USA INC,COM,199908104,199908104,102611497,51773,filer->security
"Smith Group Asset Management, LLC",0001893134,0001893134-26-000003,03-AUG-2026,30-JUN-2026,Alphabet Inc.,ALPHABET INC,CAP STK CL A,02079K305,02079K305,102321464,286318,filer->security
"Smith Group Asset Management, LLC",0001893134,0001893134-26-000003,03-AUG-2026,30-JUN-2026,Broadcom Inc.,BROADCOM INC,COM,11135F101,11135F101,100294136,265504,filer->security
"Smith Group Asset Management, LLC",0001893134,0001893134-26-000003,03-AUG-2026,30-JUN-2026,Apple Inc.,APPLE INC,COM,037833100,037833100,92118045,318351,filer->security
"Smith Group Asset Management, LLC",0001893134,0001893134-26-000003,03-AUG-2026,30-JUN-2026,Advanced Micro Devices Inc.,ADVANCED MICRO DEVICES INC,COM,007903107,007903107,91787846,158007,filer->security
"Smith Group Asset Management, LLC",0001893134,0001893134-26-000003,03-AUG-2026,30-JUN-2026,Parker-Hannifin Corp,PARKER-HANNIFIN CORP,COM,701094104,701094104,84950700,86851,filer->security
"Smith Group Asset Management, LLC",0001893134,0001893134-26-000003,03-AUG-2026,30-JUN-2026,Lam Research Corp,LAM RESEARCH CORP,COM NEW,512807306,512807306,76156448,175747,filer->security
"Strategic Global Advisors, LLC",0001580212,0001580212-26-000004,14-AUG-2026,30-JUN-2026,Nvidia Corporation,NVIDIA CORPORATION,COM,67066G104,67066G104,41857627,209194,filer->security
"Strategic Global Advisors, LLC",0001580212,0001580212-26-000004,14-AUG-2026,30-JUN-2026,Alphabet Inc.,ALPHABET INC,CAP STK CL A,02079K305,02079K305,32524601,91011,filer->security
"Strategic Global Advisors, LLC",0001580212,0001580212-26-000004,14-AUG-2026,30-JUN-2026,Spotify Technology S A,SPOTIFY TECHNOLOGY S A,SHS,L8681T102,L8681T102,29535355,64103,filer->security
"Strategic Global Advisors, LLC",0001580212,0001580212-26-000004,14-AUG-2026,30-JUN-2026,Apple Inc.,APPLE INC,COM,037833100,037833100,27569353,95277,filer->security
"Strategic Global Advisors, LLC",0001580212,0001580212-26-000004,14-AUG-2026,30-JUN-2026,Broadcom Inc.,BROADCOM INC,COM,11135F101,11135F101,27247108,72130,filer->security
"Strategic Global Advisors, LLC",0001580212,0001580212-26-000004,14-AUG-2026,30-JUN-2026,Micron Technology Inc.,MICRON TECHNOLOGY INC,COM,595112103,595112103,22878028,19820,filer->security
"Strategic Global Advisors, LLC",0001580212,0001580212-26-000004,14-AUG-2026,30-JUN-2026,Sensata Technologies Hldg Pl,SENSATA TECHNOLOGIES HLDG PL,SHS,G8060N102,G8060N102,20204682,423727,filer->security
"Strategic Global Advisors, LLC",0001580212,0001580212-26-000004,14-AUG-2026,30-JUN-2026,Lam Research Corp,LAM RESEARCH CORP,COM NEW,512807306,512807306,19219052,44352,filer->security
"Sustainable Growth Advisers, LP",0001290668,0001290668-26-000003,10-AUG-2026,30-JUN-2026,Nvidia Corporation,Nvidia Corp,COM,67066G104,67066G104,944453613,4720144,filer->security
"Sustainable Growth Advisers, LP",0001290668,0001290668-26-000003,10-AUG-2026,30-JUN-2026,Alphabet Inc.,Alphabet Inc CL C,COM,02079K107,02079K107,752490788,2129711,filer->security
"Sustainable Growth Advisers, LP",0001290668,0001290668-26-000003,10-AUG-2026,30-JUN-2026,Microsoft Corp,Microsoft Corp.,COM,594918104,594918104,561396219,1505003,filer->security
"Sustainable Growth Advisers, LP",0001290668,0001290668-26-000003,10-AUG-2026,30-JUN-2026,Amazon.com Inc.,Amazon.com Inc,COM,023135106,023135106,543731954,2281329,filer->security
"Sustainable Growth Advisers, LP",0001290668,0001290668-26-000003,10-AUG-2026,30-JUN-2026,Apple Inc.,Apple Inc,COM,037833100,037833100,505622456,1747382,filer->security
"Sustainable Growth Advisers, LP",0001290668,0001290668-26-000003,10-AUG-2026,30-JUN-2026,Visa Inc.,Visa Inc,COM,92826C839,92826C839,494978002,1442706,filer->security
"Sustainable Growth Advisers, LP",0001290668,0001290668-26-000003,10-AUG-2026,30-JUN-2026,Broadcom Inc.,Broadcom Inc,COM,11135F101,11135F101,481801616,1275451,filer->security
"Sustainable Growth Advisers, LP",0001290668,0001290668-26-000003,10-AUG-2026,30-JUN-2026,Waste Mgmt Inc. Del,Waste Management Inc,COM,94106L109,94106L109,459500775,2061651,filer->security
